File_name,flash percent,flash,ram,Code,RO_data,RW_data,ZI_data
tasks.o,25.426050%,3342,800,3318,24,0,800
queue.o,12.073950%,1587,64,1548,39,0,64
timers.o,7.143944%,939,60,918,21,0,60
port.o,6.976567%,917,9,872,41,4,5
main.o,6.930919%,911,24,884,27,0,24
mc_w.l,6.010347%,790,4,786,0,4,0
heap_4.o,5.051734%,664,76828,626,38,0,76828
gd32f4xx_usart.o,4.686549%,616,0,616,0,0,0
usart0.o,4.123555%,542,1028,542,0,0,1028
printf3.o,3.971394%,522,0,522,0,0,0
startup_gd32f407_427.o,3.256239%,428,1024,36,392,0,1024
gd32f4xx_dma.o,2.754108%,362,0,362,0,0,0
system_gd32f4xx.o,2.632380%,346,4,342,0,4,0
gd32f4xx_rcu.o,2.191114%,288,0,280,8,0,0
gd32f4xx_gpio.o,2.084601%,274,0,274,0,0,0
gd32f4xx_misc.o,1.399878%,184,0,184,0,0,0
list.o,1.141205%,150,0,150,0,0,0
init.o,0.365186%,48,0,48,0,0,0
uidiv.o,0.334754%,44,0,44,0,0,0
puts.o,0.273889%,36,0,36,0,0,0
memseta.o,0.273889%,36,0,36,0,0,0
memcpya.o,0.273889%,36,0,36,0,0,0
handlers.o,0.228241%,30,0,30,0,0,0
strlen.o,0.106512%,14,0,14,0,0,0
gd32f4xx_it.o,0.091296%,12,0,12,0,0,0
entry9a.o,0.060864%,8,0,8,0,0,0
entry2.o,0.060864%,8,0,8,0,0,0
stdout.o,0.030432%,4,4,0,0,4,0
entry5.o,0.030432%,4,0,4,0,0,0
exti.o,0.015216%,2,0,2,0,0,0
